[
  { "ikaslea": "agirrezabala.peru", "batazbestekoNota": 7.5 },
  { "ikaslea": "arceredillo.adrian", "batazbestekoNota": 7.5 },
  { "ikaslea": "arginzoniz.joseba", "batazbestekoNota": 7.333333333333333 },
  { "ikaslea": "basterra.alain", "batazbestekoNota": 7.125 },
  { "ikaslea": "elorza.karmele", "batazbestekoNota": 7.1 },
  { "ikaslea": "gallastegui.iker", "batazbestekoNota": 7.166666666666667 },
  { "ikaslea": "garate.erlantz", "batazbestekoNota": 7.214285714285714 },
  { "ikaslea": "jauregi.iker", "batazbestekoNota": 7.3125 },
  { "ikaslea": "lomana.markel", "batazbestekoNota": 7.444444444444445 },
  { "ikaslea": "maiora.arkaitz", "batazbestekoNota": 7.5 },
  { "ikaslea": "malatsetxebarria.peru", "batazbestekoNota": 7.488372093023256 },
  { "ikaslea": "olivas.hodei", "batazbestekoNota": 7.5 },
  { "ikaslea": "otero.haritz", "batazbestekoNota": 7.489795918367347 },
  { "ikaslea": "parra.raul", "batazbestekoNota": 7.461538461538462 },
  { "ikaslea": "perez.pe.mikel", "batazbestekoNota": 7.454545454545454 },
  { "ikaslea": "rodriguez.markel", "batazbestekoNota": 7.4655172413793105 },
  { "ikaslea": "soto.aitzol", "batazbestekoNota": 7.459016393442623 }
]
