[
  {
    "id": 1,
    "ikaslea": "agirrezabala.peru",
    "data": "2022-02-28",
    "ikasgaia": "program",
    "nota": 5
  },
  {
    "id": 2,
    "ikaslea": "arceredillo.adrian",
    "data": "2022-02-28",
    "ikasgaia": "program",
    "nota": 6
  },
  {
    "id": 3,
    "ikaslea": "arginzoniz.joseba",
    "data": "2022-02-28",
    "ikasgaia": "program",
    "nota": 7
  },
  {
    "id": 4,
    "ikaslea": "basterra.alain",
    "data": "2022-02-28",
    "ikasgaia": "program",
    "nota": 8
  },
  {
    "id": 5,
    "ikaslea": "elorza.karmele",
    "data": "2022-02-28",
    "ikasgaia": "program",
    "nota": 9
  },
  {
    "id": 6,
    "ikaslea": "gallastegui.iker",
    "data": "2022-02-28",
    "ikasgaia": "program",
    "nota": 10
  },
  {
    "id": 7,
    "ikaslea": "garate.erlantz",
    "data": "2022-02-28",
    "ikasgaia": "program",
    "nota": 9
  },
  {
    "id": 8,
    "ikaslea": "jauregi.iker",
    "data": "2022-02-28",
    "ikasgaia": "program",
    "nota": 8
  },
  {
    "id": 9,
    "ikaslea": "lomana.markel",
    "data": "2022-02-28",
    "ikasgaia": "program",
    "nota": 7
  },
  {
    "id": 10,
    "ikaslea": "maiora.arkaitz",
    "data": "2022-02-28",
    "ikasgaia": "program",
    "nota": 6
  },
  {
    "id": 11,
    "ikaslea": "malatsetxebarria.peru",
    "data": "2022-02-28",
    "ikasgaia": "program",
    "nota": 5
  },
  {
    "id": 12,
    "ikaslea": "olivas.hodei",
    "data": "2022-02-28",
    "ikasgaia": "program",
    "nota": 6
  },
  {
    "id": 13,
    "ikaslea": "otero.haritz",
    "data": "2022-02-28",
    "ikasgaia": "program",
    "nota": 7
  },
  {
    "id": 14,
    "ikaslea": "parra.raul",
    "data": "2022-02-28",
    "ikasgaia": "program",
    "nota": 8
  },
  {
    "id": 15,
    "ikaslea": "perez.pe.mikel",
    "data": "2022-02-28",
    "ikasgaia": "program",
    "nota": 9
  },
  {
    "id": 16,
    "ikaslea": "rodriguez.markel",
    "data": "2022-02-28",
    "ikasgaia": "program",
    "nota": 10
  },
  {
    "id": 17,
    "ikaslea": "soto.aitzol",
    "data": "2022-02-28",
    "ikasgaia": "program",
    "nota": 9
  },
  {
    "id": 18,
    "ikaslea": "agirrezabala.peru",
    "data": "2022-06-05",
    "ikasgaia": "program",
    "nota": 8
  },
  {
    "id": 19,
    "ikaslea": "arceredillo.adrian",
    "data": "2022-06-05",
    "ikasgaia": "program",
    "nota": 7
  },
  {
    "id": 20,
    "ikaslea": "arginzoniz.joseba",
    "data": "2022-06-05",
    "ikasgaia": "program",
    "nota": 6
  },
  {
    "id": 21,
    "ikaslea": "basterra.alain",
    "data": "2022-06-05",
    "ikasgaia": "program",
    "nota": 5
  },
  {
    "id": 22,
    "ikaslea": "elorza.karmele",
    "data": "2022-06-05",
    "ikasgaia": "program",
    "nota": 6
  },
  {
    "id": 23,
    "ikaslea": "gallastegui.iker",
    "data": "2022-06-05",
    "ikasgaia": "program",
    "nota": 7
  },
  {
    "id": 24,
    "ikaslea": "garate.erlantz",
    "data": "2022-06-05",
    "ikasgaia": "program",
    "nota": 8
  },
  {
    "id": 25,
    "ikaslea": "jauregi.iker",
    "data": "2022-06-05",
    "ikasgaia": "program",
    "nota": 9
  },
  {
    "id": 26,
    "ikaslea": "lomana.markel",
    "data": "2022-06-05",
    "ikasgaia": "program",
    "nota": 10
  },
  {
    "id": 27,
    "ikaslea": "maiora.arkaitz",
    "data": "2022-06-05",
    "ikasgaia": "program",
    "nota": 9
  },
  {
    "id": 28,
    "ikaslea": "agirrezabala.peru",
    "data": "2022-10-17",
    "ikasgaia": "interfaze",
    "nota": 8
  },
  {
    "id": 29,
    "ikaslea": "arceredillo.adrian",
    "data": "2022-10-17",
    "ikasgaia": "interfaze",
    "nota": 7
  },
  {
    "id": 30,
    "ikaslea": "arginzoniz.joseba",
    "data": "2022-10-17",
    "ikasgaia": "interfaze",
    "nota": 6
  },
  {
    "id": 31,
    "ikaslea": "basterra.alain",
    "data": "2022-10-17",
    "ikasgaia": "interfaze",
    "nota": 5
  },
  {
    "id": 32,
    "ikaslea": "elorza.karmele",
    "data": "2022-10-17",
    "ikasgaia": "interfaze",
    "nota": 6
  },
  {
    "id": 33,
    "ikaslea": "gallastegui.iker",
    "data": "2022-10-17",
    "ikasgaia": "interfaze",
    "nota": 7
  },
  {
    "id": 34,
    "ikaslea": "garate.erlantz",
    "data": "2022-10-19",
    "ikasgaia": "multimedia",
    "nota": 8
  },
  {
    "id": 35,
    "ikaslea": "jauregi.iker",
    "data": "2022-10-19",
    "ikasgaia": "multimedia",
    "nota": 9
  },
  {
    "id": 36,
    "ikaslea": "lomana.markel",
    "data": "2022-10-19",
    "ikasgaia": "multimedia",
    "nota": 10
  },
  {
    "id": 37,
    "ikaslea": "maiora.arkaitz",
    "data": "2022-10-19",
    "ikasgaia": "multimedia",
    "nota": 9
  },
  {
    "id": 38,
    "ikaslea": "malatsetxebarria.peru",
    "data": "2022-10-19",
    "ikasgaia": "multimedia",
    "nota": 8
  },
  {
    "id": 39,
    "ikaslea": "olivas.hodei",
    "data": "2022-10-19",
    "ikasgaia": "multimedia",
    "nota": 7
  },
  {
    "id": 40,
    "ikaslea": "otero.haritz",
    "data": "2022-10-19",
    "ikasgaia": "multimedia",
    "nota": 6
  },
  {
    "id": 41,
    "ikaslea": "parra.raul",
    "data": "2022-10-19",
    "ikasgaia": "multimedia",
    "nota": 5
  },
  {
    "id": 42,
    "ikaslea": "perez.pe.mikel",
    "data": "2022-10-19",
    "ikasgaia": "multimedia",
    "nota": 6
  },
  {
    "id": 43,
    "ikaslea": "rodriguez.markel",
    "data": "2022-10-19",
    "ikasgaia": "multimedia",
    "nota": 7
  },
  {
    "id": 44,
    "ikaslea": "soto.aitzol",
    "data": "2022-10-19",
    "ikasgaia": "multimedia",
    "nota": 8
  },
  {
    "id": 45,
    "ikaslea": "agirrezabala.peru",
    "data": "2022-10-20",
    "ikasgaia": "da",
    "nota": 9
  },
  {
    "id": 46,
    "ikaslea": "arceredillo.adrian",
    "data": "2022-10-20",
    "ikasgaia": "da",
    "nota": 10
  },
  {
    "id": 47,
    "ikaslea": "arginzoniz.joseba",
    "data": "2022-10-20",
    "ikasgaia": "da",
    "nota": 9
  },
  {
    "id": 48,
    "ikaslea": "basterra.alain",
    "data": "2022-10-20",
    "ikasgaia": "da",
    "nota": 8
  },
  {
    "id": 49,
    "ikaslea": "elorza.karmele",
    "data": "2022-10-20",
    "ikasgaia": "da",
    "nota": 7
  },
  {
    "id": 50,
    "ikaslea": "gallastegui.iker",
    "data": "2022-10-20",
    "ikasgaia": "da",
    "nota": 6
  },
  {
    "id": 51,
    "ikaslea": "garate.erlantz",
    "data": "2022-10-20",
    "ikasgaia": "da",
    "nota": 5
  },
  {
    "id": 52,
    "ikaslea": "jauregi.iker",
    "data": "2022-10-20",
    "ikasgaia": "da",
    "nota": 6
  },
  {
    "id": 53,
    "ikaslea": "lomana.markel",
    "data": "2022-10-20",
    "ikasgaia": "da",
    "nota": 7
  },
  {
    "id": 54,
    "ikaslea": "maiora.arkaitz",
    "data": "2022-10-20",
    "ikasgaia": "da",
    "nota": 8
  },
  {
    "id": 55,
    "ikaslea": "malatsetxebarria.peru",
    "data": "2022-10-20",
    "ikasgaia": "da",
    "nota": 9
  },
  {
    "id": 56,
    "ikaslea": "olivas.hodei",
    "data": "2022-10-20",
    "ikasgaia": "da",
    "nota": 10
  },
  {
    "id": 57,
    "ikaslea": "otero.haritz",
    "data": "2022-10-20",
    "ikasgaia": "da",
    "nota": 9
  },
  {
    "id": 58,
    "ikaslea": "parra.raul",
    "data": "2022-10-20",
    "ikasgaia": "da",
    "nota": 8
  },
  {
    "id": 59,
    "ikaslea": "perez.pe.mikel",
    "data": "2022-10-20",
    "ikasgaia": "da",
    "nota": 7
  },
  {
    "id": 60,
    "ikaslea": "rodriguez.markel",
    "data": "2022-10-20",
    "ikasgaia": "da",
    "nota": 6
  },
  {
    "id": 61,
    "ikaslea": "soto.aitzol",
    "data": "2022-10-20",
    "ikasgaia": "da",
    "nota": 5
  }
]
